taxon,pd_mean_relative_abundance,control_mean_relative_abundance,log2_fold_change_PD_vs_control,p_value,fdr
Actinomyces oris,0.00024516979591836306,7.542735042734871e-05,1.7004891879093562,4.3592060205535907e-10,7.215982303184107e-08
Ruthenibacterium lactatiformans,0.012008375510204068,0.004990244871794861,1.2668567916308406,5.615550430493468e-10,7.215982303184107e-08
Streptococcus mutans,0.0005381424489795883,0.0004114311965811958,0.38732866587183856,9.321499669207456e-09,7.985418049954387e-07
Bifidobacterium dentium,0.0026063820408163216,0.0008943341880341858,1.5431520393538711,2.2971903980384958e-08,1.364358501376756e-06
Blautia wexlerae,0.015844287551020398,0.028286875641025624,-0.8361696461600777,2.654393971550109e-08,1.364358501376756e-06
Clostridium leptum,0.002071982040816317,0.0013243341880341763,0.645740343691003,1.1721723056680452e-07,5.020804709278127e-06
Enterococcus avium,0.00045576163265305977,2.691025641025641e-06,7.398659987934377,6.452858154398641e-07,2.369120779543501e-05
Roseburia intestinalis,0.004872467959183666,0.010196653846153838,-1.0653696425777144,1.0633028746436359e-06,3.4158604847926804e-05
Ruminococcaceae bacterium D5,0.0006261195918367326,0.00020219145299145002,1.6306679225082903,1.5479855157564001e-06,4.4203586394377205e-05
Fusicatenibacter saccharivorans,0.01453480448979591,0.02152505854700854,-0.5665051736805324,1.1903249938245845e-05,0.0002850967124125168
Streptococcus australis,2.623265306122388e-05,7.361196581196496e-05,-1.488222692366308,1.28964045867797e-05,0.0002850967124125168
Coprobacillus cateniformis,0.00021197081632652875,1.4606837606837178e-05,3.8582305917037605,1.3311908750778997e-05,0.0002850967124125168
Eisenbergiella tayi,0.001735938163265302,0.0003438551282051235,2.335809145574688,4.079876144680823e-05,0.0008065601301407474
Faecalibacterium prausnitzii,0.04199921795918367,0.05619634316239315,-0.420113702287353,4.4728241147484755e-05,0.000821082712493113
Ruminococcus lactaris,0.002027668775510201,0.0034759457264957228,-0.7775805875901033,5.5298911063235194e-05,0.0009474546762167631
Actinomyces sp oral taxon 448,2.293102040816306e-05,8.241025641025642e-06,1.4752841939764627,0.00010013780231071727,0.0016084634496158962
Scardovia wiggsiae,5.10438775510198e-05,1.2367521367521366e-06,5.355773957519962,0.00011709788914425607,0.0016796394617443764
Turicibacter sanguinis,0.00035786183673469207,5.026324786324743e-05,2.831580211829858,0.0001176401179431859,0.0016796394617443764
Anaerostipes hadrus,0.008533215510204074,0.011225372222222214,-0.39560148912377224,0.00015914359996036103,0.002124103463255601
Collinsella massiliensis,0.0002720185714285706,2.233504273504188e-05,3.605731478101679,0.00017180567109746536,0.002124103463255601
Actinomyces sp HPA0247,0.00012482163265305937,7.070256410256281e-05,0.8199450843002685,0.000173564874429446,0.002124103463255601
Lactobacillus paragasseri,0.0003695069387755092,0.00011410170940170941,1.695193660284862,0.0002436039460886349,0.0028457370065808714
Lactobacillus salivarius,0.0016733663265306102,4.69042735042735e-05,5.156591195660907,0.00028419583380498296,0.003175579534255679
Megasphaera sp MJR8396C,0.0020127877551020397,0.0010100286324786303,0.9947917432987976,0.00032478810111257026,0.0034779392494137733
Lactobacillus gasseri,0.00019518714285714182,2.9527777777777778e-05,2.724298739315285,0.00036474012996621363,0.003717034709623155
Lactobacillus fermentum,0.001159141836734691,0.0004797713675213654,1.2726205203823648,0.00037604242198522193,0.003717034709623155
Megasphaera sp DISK 18,0.0003301914285714273,0.00010099358974358932,1.7089397935322173,0.0004583616590569055,0.004362923939912027
Hungatella hathewayi,0.0006750887755101986,0.0003804098290598257,0.8275061547734941,0.0005575656291690818,0.005117655953444787
Eubacterium rectale,0.027433102653061214,0.0404275205128205,-0.5594197557960251,0.0005821220025954263,0.005158805333345674
Escherichia coli,0.012233862040816319,0.008707096581196574,0.490615803338234,0.0006072515702557896,0.005202121785191264
Ruminococcus callidus,2.6926530612244694e-05,0.00012093888888888761,-2.1667615651325076,0.0008251632956954098,0.006804541765787065
Enterococcus faecium,0.0003292136734693865,0.0004941196581196577,-0.5858215709905088,0.0008472581186972221,0.006804541765787065
Methanobrevibacter smithii,0.004666365102040814,0.002504402991452986,0.8978297914039244,0.0009695956159493602,0.0075510931302722895
Porphyromonas asaccharolytica,0.0001836720408163257,1.2419658119658118e-05,3.885352055991731,0.0010810449431949197,0.008171427952973364
Clostridium sp CAG 299,0.000378774081632651,0.0015640141025641003,-2.0458151375638747,0.0012478438509655276,0.00916273913423259
Alistipes indistinctus,0.001402614489795914,0.0005536606837606778,1.341028782845266,0.0012913494710385944,0.009218800390469966
Eubacterium sp CAG 38,0.0013482240816326497,0.002008975213675206,-0.5753959454383174,0.0014437291806776687,0.010028064849571914
Roseburia faecis,0.0121230869387755,0.01766245598290597,-0.5429284885104109,0.0015544098712330452,0.010512719392286648
Bifidobacterium gallinarum,6.014693877551e-05,7.598290598290599e-06,2.9830868979902583,0.0016424504207021723,0.010823327131293801
Streptococcus anginosus group,0.0003040714285714261,7.810170940170812e-05,1.9608469699860065,0.0017604955222517804,0.011311183730467689
Bifidobacterium longum,0.03302590244897958,0.015340064957264948,1.1062928887993269,0.0019490518671772155,0.012217227557671816
Ruminococcus bicirculans,0.006711396122448975,0.011190670940170937,-0.7376108597024178,0.0020228410927782296,0.012340316917768195
Klebsiella quasipneumoniae,0.001155755306122446,0.00047261324786324646,1.2900859678223593,0.002064722285852266,0.012340316917768195
Agathobaculum butyriciproducens,0.002404395510204076,0.0037655405982905906,-0.6471805995747906,0.0021180355352354175,0.01237125301262505
Streptococcus vestibularis,0.0014529795918367286,0.0005692461538461518,1.351874481020714,0.0023076703497192834,0.012738653501909258
Lactobacillus rhamnosus,0.00042754714285714004,8.073034188034103e-05,2.4047556477791368,0.0023691389133791985,0.012738653501909258
Veillonella dispar,0.00010787775510203919,6.526068376068205e-05,0.7250240752386764,0.00237637322066231,0.012738653501909258
Bifidobacterium saeculare,5.783469387755021e-05,5.123076923076923e-06,3.4942888405609094,0.0023792037668935576,0.012738653501909258
Enorma massiliensis,0.0005494434693877541,0.000387955982905982,0.502067149760089,0.002475861594341061,0.012985641423380668
Roseburia inulinivorans,0.0028154967346938715,0.004039383333333325,-0.5207440325632561,0.002667007462667362,0.01356289707276605
